,mean,standard deviation,median
total logins,19.133333333333333,5.289702485107492,18.0
successful logins,14.733333333333333,1.3870146083619754,15.0
unsuccessful logins,4.4,4.436858605558023,3.0
