,mean,standard deviation,median
avg login time success (s),17.136008403361345,7.570804774370204,14.1875
avg login time failed (s),21.237637362637365,12.917092392392231,17.333333333333332
