,mean,standard deviation,median
avg login time success (s),9.954365659519167,4.244464239821759,9.066666666666666
avg login time failed (s),10.83154761904762,5.64849140640033,9.0625
