,mean,standard deviation,median
total logins,16.61111111111111,4.900646882737119,16.0
successful logins,14.055555555555555,3.4380607088747714,15.0
unsuccessful logins,2.5555555555555554,3.3294094551829216,1.0
